{
  "threshold": 0.4,
  "model_suffix": "",
  "results_prefix": "",
  "bootstrap_samples": 300,
  "models": [
    {
      "Model": "xgboost",
      "Accuracy": 0.7986953883495146,
      "ROC AUC": 0.7383194557007864,
      "ROC AUC CI Low": 0.7289895625119756,
      "ROC AUC CI High": 0.7502237663195006,
      "PR AUC": 0.416928932035531,
      "PR AUC CI Low": 0.39718986806705336,
      "PR AUC CI High": 0.4388000143426537,
      "Brier Score": 0.14063535929230905,
      "Brier CI Low": 0.1368599241387274,
      "Brier CI High": 0.14437607233122013,
      "ECE": 0.013767298943650225,
      "Precision": 0.4949127906976744,
      "Recall": 0.25795454545454544,
      "F1": 0.3391434262948207,
      "Threshold": 0.4,
      "TN": 9849,
      "FP": 695,
      "FN": 1959,
      "TP": 681
    },
    {
      "Model": "random_forest",
      "Accuracy": 0.8030188106796117,
      "ROC AUC": 0.7357322992826597,
      "ROC AUC CI Low": 0.7259292116651669,
      "ROC AUC CI High": 0.7464375392950403,
      "PR AUC": 0.4133645871718778,
      "PR AUC CI Low": 0.3960190314063662,
      "PR AUC CI High": 0.4351937527542004,
      "Brier Score": 0.14125781889822983,
      "Brier CI Low": 0.13753692222514635,
      "Brier CI High": 0.1447450200926922,
      "ECE": 0.013850608082117348,
      "Precision": 0.5191111111111111,
      "Recall": 0.22121212121212122,
      "F1": 0.3102257636122178,
      "Threshold": 0.4,
      "TN": 10003,
      "FP": 541,
      "FN": 2056,
      "TP": 584
    },
    {
      "Model": "logistic_regression",
      "Accuracy": 0.5775182038834952,
      "ROC AUC": 0.734489024348186,
      "ROC AUC CI Low": 0.7258371600343457,
      "ROC AUC CI High": 0.7459913824659484,
      "PR AUC": 0.41389576693050334,
      "PR AUC CI Low": 0.3954119766992797,
      "PR AUC CI High": 0.43417237849572105,
      "Brier Score": 0.20467376390039718,
      "Brier CI Low": 0.2016183072126708,
      "Brier CI High": 0.20766933982300875,
      "ECE": 0.24276351112983474,
      "Precision": 0.2947604370972261,
      "Recall": 0.796969696969697,
      "F1": 0.43035385559419104,
      "Threshold": 0.4,
      "TN": 5510,
      "FP": 5034,
      "FN": 536,
      "TP": 2104
    }
  ]
}