{
  "threshold": 0.4,
  "model_suffix": "_temporal",
  "results_prefix": "temporal_",
  "bootstrap_samples": 200,
  "models": [
    {
      "Model": "xgboost",
      "Accuracy": 0.786931248747244,
      "ROC AUC": 0.7072548915730734,
      "ROC AUC CI Low": 0.6975508122654365,
      "ROC AUC CI High": 0.7187684721130477,
      "PR AUC": 0.40018499774072613,
      "PR AUC CI Low": 0.38166849390625857,
      "PR AUC CI High": 0.42134408036337834,
      "Brier Score": 0.156700647725471,
      "Brier CI Low": 0.1515036716166601,
      "Brier CI High": 0.16150915404304825,
      "ECE": 0.045791934941753244,
      "Precision": 0.5443686006825939,
      "Recall": 0.14646464646464646,
      "F1": 0.23082489146164978,
      "Threshold": 0.4,
      "TN": 7533,
      "FP": 267,
      "FN": 1859,
      "TP": 319
    },
    {
      "Model": "random_forest",
      "Accuracy": 0.711665664461816,
      "ROC AUC": 0.698489616444162,
      "ROC AUC CI Low": 0.686347514477987,
      "ROC AUC CI High": 0.7102811805953564,
      "PR AUC": 0.3830854135785764,
      "PR AUC CI Low": 0.3675934128761133,
      "PR AUC CI High": 0.4044641612642385,
      "Brier Score": 0.168214521588095,
      "Brier CI Low": 0.16525539030867034,
      "Brier CI High": 0.17116441038972127,
      "ECE": 0.10925481722065314,
      "Precision": 0.37164891663606314,
      "Recall": 0.46464646464646464,
      "F1": 0.4129769434809223,
      "Threshold": 0.4,
      "TN": 6089,
      "FP": 1711,
      "FN": 1166,
      "TP": 1012
    },
    {
      "Model": "logistic_regression",
      "Accuracy": 0.5769693325315695,
      "ROC AUC": 0.6971996774269501,
      "ROC AUC CI Low": 0.6855579490168748,
      "ROC AUC CI High": 0.7085716929613134,
      "PR AUC": 0.3644162574652119,
      "PR AUC CI Low": 0.3514638855940782,
      "PR AUC CI High": 0.382923509573908,
      "Brier Score": 0.20985077570625923,
      "Brier CI Low": 0.20711889584031978,
      "Brier CI High": 0.21276155290011628,
      "ECE": 0.2180317870708605,
      "Precision": 0.3086003372681282,
      "Recall": 0.756198347107438,
      "F1": 0.43832335329341315,
      "Threshold": 0.4,
      "TN": 4110,
      "FP": 3690,
      "FN": 531,
      "TP": 1647
    }
  ]
}