Model,Accuracy,ROC AUC,ROC AUC CI Low,ROC AUC CI High,PR AUC,PR AUC CI Low,PR AUC CI High,Brier Score,Brier CI Low,Brier CI High,ECE,Precision,Recall,F1,Threshold,TN,FP,FN,TP
xgboost,0.786931248747244,0.7072548915730734,0.6975508122654365,0.7187684721130477,0.40018499774072613,0.38166849390625857,0.42134408036337834,0.156700647725471,0.1515036716166601,0.16150915404304825,0.045791934941753244,0.5443686006825939,0.14646464646464646,0.23082489146164978,0.4,7533,267,1859,319
random_forest,0.711665664461816,0.698489616444162,0.686347514477987,0.7102811805953564,0.3830854135785764,0.3675934128761133,0.4044641612642385,0.168214521588095,0.16525539030867034,0.17116441038972127,0.10925481722065314,0.37164891663606314,0.46464646464646464,0.4129769434809223,0.4,6089,1711,1166,1012
logistic_regression,0.5769693325315695,0.6971996774269501,0.6855579490168748,0.7085716929613134,0.3644162574652119,0.3514638855940782,0.382923509573908,0.20985077570625923,0.20711889584031978,0.21276155290011628,0.2180317870708605,0.3086003372681282,0.756198347107438,0.43832335329341315,0.4,4110,3690,531,1647
