Model,Test AUC,Brier Score
Full Features,0.736515740676875,0.14063388154661016
Without Engineered Features,0.7371709495850002,0.14068629273866445
