Threshold,Approval Rate,Approved Loans,Total Portfolio EL,Realized Loss,EL Accuracy Error
0.1,0.1950849514563107,2572,1872702.068141078,1597300.0,0.1724172466919665
0.15,0.5310224514563107,7001,6048990.371314424,9071000.0,0.3331506590988398
0.2,0.6871966019417476,9060,8882377.158400113,14953500.0,0.40600012315510664
0.25,0.7732099514563107,10194,11102896.507426798,19117950.0,0.4192423085410937
0.3,0.8282766990291263,10920,12938087.496518994,22757575.0,0.43148215499590825
0.35,0.8673391990291263,11435,14629552.047033636,25887550.0,0.43488078064422336
0.4,0.8971480582524272,11828,16220602.140173368,28655525.0,0.43394503712029814
